https://relaunch.dietz.eu/wp-content/uploads/2023/07/dietz_aussen-1200x375.jpg		https://www.dietz.eu/en/enterprise/
https://relaunch.dietz.eu/wp-content/uploads/2024/01/TU-IL.png		https://www.dietz.eu/en/enterprise/partner/
https://relaunch.dietz.eu/wp-content/uploads/2024/01/Hochschule-Kempten.jpg		https://www.dietz.eu/en/enterprise/partner/
https://relaunch.dietz.eu/wp-content/uploads/2024/01/Steinbeis_01_9e1e371907.jpg		https://www.dietz.eu/en/enterprise/partner/
https://relaunch.dietz.eu/wp-content/uploads/2024/01/IFU.jpg		https://www.dietz.eu/en/enterprise/partner/
https://relaunch.dietz.eu/wp-content/uploads/2024/01/VDFI.jpg		https://www.dietz.eu/en/enterprise/partner/
https://relaunch.dietz.eu/wp-content/uploads/2024/01/knf-logo-neu-rgb.jpg		https://www.dietz.eu/en/enterprise/partner/
https://relaunch.dietz.eu/wp-content/uploads/2024/01/ofracar.jpg		https://www.dietz.eu/en/enterprise/partner/
https://relaunch.dietz.eu/wp-content/uploads/2024/01/unk-gruendungsmitglied-220117-1.png		https://www.dietz.eu/en/enterprise/partner/
https://relaunch.dietz.eu/wp-content/uploads/2024/01/Mitglieder-Logo.png		https://www.dietz.eu/en/enterprise/partner/
https://relaunch.dietz.eu/wp-content/uploads/2024/02/t-produktion.jpg		https://www.dietz.eu/en/enterprise/performances/
https://relaunch.dietz.eu/wp-content/uploads/2023/12/DTZ_kunststofftechnik.jpg		https://www.dietz.eu/en/enterprise/performances/
https://relaunch.dietz.eu/wp-content/uploads/2024/02/t-qualitaet.jpg		https://www.dietz.eu/en/enterprise/performances/
https://relaunch.dietz.eu/wp-content/uploads/2024/02/t-logistik.jpg		https://www.dietz.eu/en/enterprise/performances/
https://relaunch.dietz.eu/wp-content/uploads/2024/02/dietz-logistik-2.jpg		https://www.dietz.eu/en/enterprise/performances/logistics/
https://relaunch.dietz.eu/wp-content/uploads/2024/02/dietz-produktionshalle.jpg		https://www.dietz.eu/en/enterprise/performances/production/
https://relaunch.dietz.eu/wp-content/uploads/2024/02/dietz-qualitaet-2.jpg		https://www.dietz.eu/en/enterprise/performances/quality/
https://relaunch.dietz.eu/wp-content/uploads/2023/12/iStock-1224559504-scaled-e1702991179392-1200x376.jpg		https://www.dietz.eu/en/enterprise/sustainability/
https://relaunch.dietz.eu/wp-content/uploads/2024/01/dietz-ua-icons-blau_vielfalt.png		https://www.dietz.eu/en/enterprise/sustainability/
https://relaunch.dietz.eu/wp-content/uploads/2024/01/dietz-ua-icons-blau_energie.png		https://www.dietz.eu/en/enterprise/sustainability/
https://relaunch.dietz.eu/wp-content/uploads/2024/01/dietz-ua-icons-blau_Wasser.png		https://www.dietz.eu/en/enterprise/sustainability/
https://relaunch.dietz.eu/wp-content/uploads/2024/01/dietz-ua-icons-blau_Abfallmanagement.png		https://www.dietz.eu/en/enterprise/sustainability/
https://relaunch.dietz.eu/wp-content/uploads/2024/01/dietz-ua-icons-blau_EMobilitaet.png		https://www.dietz.eu/en/enterprise/sustainability/
https://relaunch.dietz.eu/wp-content/uploads/2024/01/dietz-ua-icons-blau_Materialeffizienz.png		https://www.dietz.eu/en/enterprise/sustainability/
https://relaunch.dietz.eu/wp-content/uploads/2024/01/dietz-ua-icons-blau_global.png		https://www.dietz.eu/en/enterprise/sustainability/
https://relaunch.dietz.eu/wp-content/uploads/2024/01/dietz-ua-icons-blau_Kommunikation.png		https://www.dietz.eu/en/enterprise/sustainability/
https://relaunch.dietz.eu/wp-content/uploads/2024/01/dietz-ua-icons-blau_gesundheit.png		https://www.dietz.eu/en/enterprise/sustainability/
https://relaunch.dietz.eu/wp-content/uploads/2024/01/emas_logo_2020-07-16-Dietz.jpg		https://www.dietz.eu/en/enterprise/sustainability/
https://relaunch.dietz.eu/wp-content/uploads/2024/01/ISO-14001-2015.png		https://www.dietz.eu/en/enterprise/sustainability/
https://relaunch.dietz.eu/wp-content/uploads/2024/01/KSU-Logo_4c_45mm.jpg		https://www.dietz.eu/en/enterprise/sustainability/
https://relaunch.dietz.eu/wp-content/uploads/2024/01/logo-umweltpakt2015-rgb.png		https://www.dietz.eu/en/enterprise/sustainability/
